"Description 1","Conversion Factor","Description 2","Description 3","Description 4","Output Product Code","Standard Speed    Unit","Speed % Less than Standard","Speed % Greater Than Standard","Target Production",Unit,"% Less Than Target Production","% Greater than Target Production","Standard Uptime",Unit,"% less than Standard Uptime","% Greater Than Standard Uptime","Product Belong to Machine"
SupraMig,0.00591,"1.0 mm",250,"FIBRE DRUM",16S10250DFM,30,m/sec,80,90,4100,Kg,80,90,80,%,80,90,"0-For Complete Shop"
"SupraMig Ultr",0.00591,"1.0 mm",250,"FIBRE DRUM",16310250DFM,30,m/sec,80,90,4100,Kg,80,90,80,%,80,90,"0-For Complete Shop"
"SupraMig Ultra",0.00591,"1.0 mm",15,"Stein Basket",1631015BL,30,m/sec,80,90,4088,Kg,80,90,80,%,80,90,"0-For Complete Shop"
"SupraMig Ultra",0.00591,"1.0 mm",15,"Stein Basket",1631015BR,30,m/sec,80,90,4088,Kg,80,90,80,%,80,90,"0-For Complete Shop"
"SupraMig Ultra",0.00591,"1.0 mm",15,"Stein Basket",1631015BRE,30,m/sec,80,90,4088,Kg,80,90,80,%,80,90,"0-For Complete Shop"
"SupraMig Ultra",0.00591,"1.0 mm",15,"Drive Hole Basket",1631015DR,30,m/sec,80,90,4088,Kg,80,90,80,%,80,90,"0-For Complete Shop"
"SupraMig Ultra",0.00591,"1.0 mm",15,"Plastic Spool",1631015PL,30,m/sec,80,90,4088,Kg,80,90,80,%,80,90,"0-For Complete Shop"
"SupraMig Ultra",0.00591,"1.0 mm",15,"Plastic Spool",1631015PLF,30,m/sec,80,90,4088,Kg,80,90,80,%,80,90,"0-For Complete Shop"
"SupraMig Ultra",0.00591,"1.0 mm",15,"Plastic Spool",1631015PLV,30,m/sec,80,90,4088,Kg,80,90,80,%,80,90,"0-For Complete Shop"
"SupraMig Ultra",0.00591,"1.0 mm",15,"Plastic Spool",1631015PR,30,m/sec,80,90,4088,Kg,80,90,80,%,80,90,"0-For Complete Shop"
"SupraMig Ultra",0.00591,"1.0 mm",15,"Plastic Spool",1631015PRE,30,m/sec,80,90,4088,Kg,80,90,80,%,80,90,"0-For Complete Shop"
"SupraMig Ultra",0.00591,"1.0 mm",18,"Stein Basket",1631018BR,30,m/sec,80,90,4088,Kg,80,90,80,%,80,90,"0-For Complete Shop"
"SupraMig Ultra",0.00591,"1.0 mm",18,"Stein Basket",1631018BRU,30,m/sec,80,90,4088,Kg,80,90,80,%,80,90,"0-For Complete Shop"
"SupraMig Ultra",0.00591,"1.0 mm",2.5,"Plastic Spool",1631025PL,30,m/sec,80,90,4088,Kg,80,90,80,%,80,90,"0-For Complete Shop"
"SupraMig Ultra",0.00591,"1.0 mm",2.5,"Plastic Spool",1631025PR,30,m/sec,80,90,4088,Kg,80,90,80,%,80,90,"0-For Complete Shop"
"SupraMig Ultra",0.008574138,"1.2 mm",5,"Plastic Spool",1631205PR,30,m/sec,80,90,5926,Kg,80,90,80,%,80,90,"0-For Complete Shop"
"SupraMig Ultra",0.008574138,"1.2 mm",5,"Plastic Spool",1631205PRA,30,m/sec,80,90,5926,Kg,80,90,80,%,80,90,"0-For Complete Shop"
"SupraMig Ultra",0.008574138,"1.2 mm",15,"Stein Basket",1631215BL,30,m/sec,80,90,5926,Kg,80,90,80,%,80,90,"0-For Complete Shop"
"SupraMig Ultra",0.008574138,"1.2 mm",15,"Stein Basket",1631215BLE,30,m/sec,80,90,5926,Kg,80,90,80,%,80,90,"0-For Complete Shop"
"SupraMig Ultra",0.008574138,"1.2 mm",15,"Stein Basket",1631215BR,30,m/sec,80,90,5926,Kg,80,90,80,%,80,90,"0-For Complete Shop"
"SupraMig Ultra",0.008574138,"1.2 mm",15,"Stein Basket",1631215BRE,30,m/sec,80,90,5926,Kg,80,90,80,%,80,90,"0-For Complete Shop"
"SupraMig Ultra",0.008574138,"1.2 mm",15,"Stein Basket",1631215BRU,30,m/sec,80,90,5926,Kg,80,90,80,%,80,90,"0-For Complete Shop"
"SupraMig Ultra",0.008574138,"1.2 mm",15,"Drive Hole Basket",1631215DR,30,m/sec,80,90,5926,Kg,80,90,80,%,80,90,"0-For Complete Shop"
"SupraMig Ultra",0.008574138,"1.2 mm",15,"Plastic Spool",1631215PL,30,m/sec,80,90,5926,Kg,80,90,80,%,80,90,"0-For Complete Shop"
"SupraMig Ultra",0.008574138,"1.2 mm",15,"Plastic Spool",1631215PR,30,m/sec,80,90,5926,Kg,80,90,80,%,80,90,"0-For Complete Shop"
"SupraMig Ultra",0.008574138,"1.2 mm",15,"Plastic Spool",1631215PRE,30,m/sec,80,90,5926,Kg,80,90,80,%,80,90,"0-For Complete Shop"
"SupraMig Ultra",0.008574138,"1.2 mm",15,"Plastic Spool",1631215PRU,30,m/sec,80,90,5926,Kg,80,90,80,%,80,90,"0-For Complete Shop"
"SupraMig Ultra",0.008574138,"1.2 mm",18,"Stein Basket",1631218BR,30,m/sec,80,90,5926,Kg,80,90,80,%,80,90,"0-For Complete Shop"
"SupraMig Ultra",0.008574138,"1.2 mm",18,"Stein Basket",1631218BRE,30,m/sec,80,90,5926,Kg,80,90,80,%,80,90,"0-For Complete Shop"
"SupraMig Ultra",0.008574138,"1.2 mm",18,"Stein Basket",1631218BRU,30,m/sec,80,90,5926,Kg,80,90,80,%,80,90,"0-For Complete Shop"
"SupraMig Ultra",0.008574138,"1.2 mm",18,"Drive Hole Basket",1631218DR,30,m/sec,80,90,5926,Kg,80,90,80,%,80,90,"0-For Complete Shop"
"SupraMig Ultra",0.008574138,"1.2 mm",18,"Sandvik Basket",1631218SR,30,m/sec,80,90,5926,Kg,80,90,80,%,80,90,"0-For Complete Shop"
"SupraMig Ultra",0.008574138,"1.2 mm",2.5,"Plastic Spool",1631225PL,30,m/sec,80,90,5926,Kg,80,90,80,%,80,90,"0-For Complete Shop"
"SupraMig Ultra",0.011726938,1.4mm,15,"Plastic Spool",1631415PR,30,m/sec,80,90,8106,Kg,80,90,80,%,80,90,"0-For Complete Shop"
"SupraMig Ultra",0.015372363,1.6mm,15,"Stein Basket",1631615BR,30,m/sec,80,90,10625,Kg,80,90,80,%,80,90,"0-For Complete Shop"
"SupraMig Ultra",0.015372363,1.6mm,15,"Plastic Spool",1631615PL,30,m/sec,80,90,10625,Kg,80,90,80,%,80,90,"0-For Complete Shop"
"SupraMig Ultra",0.015372363,1.6mm,15,"Plastic Spool",1631615PR,30,m/sec,80,90,10625,Kg,80,90,80,%,80,90,"0-For Complete Shop"
"SupraMig Ultra CF",0.015372363,1.6mm,15,"Plastic Spool",163CF1215PR,30,m/sec,80,90,10625,Kg,80,90,80,%,80,90,"0-For Complete Shop"
"SupraMig Ultra CF",0.008574138,"1.2 mm",18,"Stein Basket",163CF1218BR,30,m/sec,80,90,5926,Kg,80,90,80,%,80,90,"0-For Complete Shop"
"SupraMig Ultra",0.008574138,"1.2 mm",15,"Plastic Spool",163PIPE1215PR,30,m/sec,80,90,5926,Kg,80,90,80,%,80,90,"0-For Complete Shop"
"Arcweld A18 PLUS",0.00591,"1.0 mm",15,"Stein Basket",16A1015BL,30,m/sec,80,90,4088,Kg,80,90,80,%,80,90,"0-For Complete Shop"
"Arcweld A18 PLUS",0.00591,"1.0 mm",15,"Plastic Spool",16A1015PL,30,m/sec,80,90,4088,Kg,80,90,80,%,80,90,"0-For Complete Shop"
"Arcweld A18 PLUS",0.008574138,"1.2 mm",15,"Plastic Spool",16A1215PL,30,m/sec,80,90,5926,Kg,80,90,80,%,80,90,"0-For Complete Shop"
"Arcweld A18 PLUS",0.008574138,"1.2 mm",18,"Plastic Spool",16A1218BL,30,m/sec,80,90,5926,Kg,80,90,80,%,80,90,"0-For Complete Shop"
"Arcweld A18 PLUS",0.008574138,"1.2 mm",18,"Stein Basket",16A1218BR,30,m/sec,80,90,5926,Kg,80,90,80,%,80,90,"0-For Complete Shop"
SupraMig,0.003746413,0.8mm,5,"Plastic Spool",16S0805PR,30,m/sec,80,90,2590,Kg,80,90,80,%,80,90,"0-For Complete Shop"
SupraMig,0.003746413,0.8mm,5,"Plastic Spool",16S0805PRA,30,m/sec,80,90,2590,Kg,80,90,80,%,80,90,"0-For Complete Shop"
SupraMig,0.003746413,0.8mm,15,"Stein Basket",16S0815BR,30,m/sec,80,90,2590,Kg,80,90,80,%,80,90,"0-For Complete Shop"
SupraMig,0.003746413,0.8mm,15,"Stein Basket",16S0815BRE,30,m/sec,80,90,2590,Kg,80,90,80,%,80,90,"0-For Complete Shop"
SupraMig,0.003746413,0.8mm,15,"Plastic Spool",16S0815PR,30,m/sec,80,90,2590,Kg,80,90,80,%,80,90,"0-For Complete Shop"
SupraMig,0.003746413,0.8mm,15,"Plastic Spool",16S0815PRE,30,m/sec,80,90,2590,Kg,80,90,80,%,80,90,"0-For Complete Shop"
SupraMig,0.003746413,0.8mm,18,"Stein Basket",16S0818BR,30,m/sec,80,90,2590,Kg,80,90,80,%,80,90,"0-For Complete Shop"
SupraMig,0.003746413,0.8mm,18,"Stein Basket",16S0818BRE,30,m/sec,80,90,2590,Kg,80,90,80,%,80,90,"0-For Complete Shop"
SupraMig,0.00476861,0.9mm,15,"Stein Basket",16S0915BR,30,m/sec,80,90,3296,Kg,80,90,80,%,80,90,"0-For Complete Shop"
SupraMig,0.00476861,0.9mm,15,"Plastic Spool",16S0915PR,30,m/sec,80,90,3296,Kg,80,90,80,%,80,90,"0-For Complete Shop"
SupraMig,0.00591,"1.0 mm",5,"Plastic Spool",16S1005PR,30,m/sec,80,90,4088,Kg,80,90,80,%,80,90,"0-For Complete Shop"
SupraMig,0.00591,"1.0 mm",5,"Plastic Spool",16S1005PRA,30,m/sec,80,90,4088,Kg,80,90,80,%,80,90,"0-For Complete Shop"
SupraMig,0.00591,"1.0 mm",15,"Stein Basket",16S1015BL,30,m/sec,80,90,4088,Kg,80,90,80,%,80,90,"0-For Complete Shop"
SupraMig,0.00591,"1.0 mm",15,"Stein Basket",16S1015BR,30,m/sec,80,90,4088,Kg,80,90,80,%,80,90,"0-For Complete Shop"
SupraMig,0.00591,"1.0 mm",15,"Stein Basket",16S1015BRDC,30,m/sec,80,90,4088,Kg,80,90,80,%,80,90,"0-For Complete Shop"
SupraMig,0.00591,"1.0 mm",15,"Stein Basket",16S1015BRE,30,m/sec,80,90,4088,Kg,80,90,80,%,80,90,"0-For Complete Shop"
SupraMig,0.00591,"1.0 mm",15,"Stein Basket",16S1015BRR,30,m/sec,80,90,4088,Kg,80,90,80,%,80,90,"0-For Complete Shop"
SupraMig,0.00591,"1.0 mm",15,"Stein Basket",16S1015BRVW,30,m/sec,80,90,4088,Kg,80,90,80,%,80,90,"0-For Complete Shop"
SupraMig,0.00591,"1.0 mm",15,"Drive Hole Basket",16S1015DR,30,m/sec,80,90,4088,Kg,80,90,80,%,80,90,"0-For Complete Shop"
SupraMig,0.00591,"1.0 mm",15,"Plastic Spool",16S1015PL,30,m/sec,80,90,4088,Kg,80,90,80,%,80,90,"0-For Complete Shop"
SupraMig,0.00591,"1.0 mm",15,"Plastic Spool",16S1015PR,30,m/sec,80,90,4088,Kg,80,90,80,%,80,90,"0-For Complete Shop"
SupraMig,0.00591,"1.0 mm",15,"Plastic Spool",16S1015PRE,30,m/sec,80,90,4088,Kg,80,90,80,%,80,90,"0-For Complete Shop"
SupraMig,0.00591,"1.0 mm",15,"Sandvik Basket",16S1015SR,30,m/sec,80,90,4088,Kg,80,90,80,%,80,90,"0-For Complete Shop"
SupraMig,0.00591,"1.0 mm",18,"Stein Basket",16S1018BL,30,m/sec,80,90,4088,Kg,80,90,80,%,80,90,"0-For Complete Shop"
SupraMig,0.00591,"1.0 mm",18,"Stein Basket",16S1018BR,30,m/sec,80,90,4088,Kg,80,90,80,%,80,90,"0-For Complete Shop"
SupraMig,0.00591,"1.0 mm",18,"Stein Basket",16S1018BRE,30,m/sec,80,90,4088,Kg,80,90,80,%,80,90,"0-For Complete Shop"
SupraMig,0.00591,"1.0 mm",18,"Drive Hole Basket",16S1018DL,30,m/sec,80,90,4088,Kg,80,90,80,%,80,90,"0-For Complete Shop"
SupraMig,0.00591,"1.0 mm",18,"Drive Hole Basket",16S1018DR,30,m/sec,80,90,4088,Kg,80,90,80,%,80,90,"0-For Complete Shop"
SupraMig,0.008574138,"1.2 mm",5,"Plastic Spool",16S1205PR,30,m/sec,80,90,5926,Kg,80,90,80,%,80,90,"0-For Complete Shop"
SupraMig,0.008574138,"1.2 mm",15,"Stein Basket",16S1215BL,30,m/sec,80,90,5926,Kg,80,90,80,%,80,90,"0-For Complete Shop"
SupraMig,0.008574138,"1.2 mm",15,"Stein Basket",16S1215BLE,30,m/sec,80,90,5926,Kg,80,90,80,%,80,90,"0-For Complete Shop"
SupraMig,0.008574138,"1.2 mm",15,"Stein Basket",16S1215BR,30,m/sec,80,90,5926,Kg,80,90,80,%,80,90,"0-For Complete Shop"
SupraMig,0.008574138,"1.2 mm",15,"Stein Basket",16S1215BRE,30,m/sec,80,90,5926,Kg,80,90,80,%,80,90,"0-For Complete Shop"
SupraMig,0.008574138,"1.2 mm",15,"Stein Basket",16S1215BREX,30,m/sec,80,90,5926,Kg,80,90,80,%,80,90,"0-For Complete Shop"
SupraMig,0.008574138,"1.2 mm",15,"Stein Basket",16S1215BRVW,30,m/sec,80,90,5926,Kg,80,90,80,%,80,90,"0-For Complete Shop"
SupraMig,0.008574138,"1.2 mm",15,"Drive Hole Basket",16S1215DR,30,m/sec,80,90,5926,Kg,80,90,80,%,80,90,"0-For Complete Shop"
SupraMig,0.008574138,"1.2 mm",15,"Plastic Spool",16S1215PL,30,m/sec,80,90,5926,Kg,80,90,80,%,80,90,"0-For Complete Shop"
SupraMig,0.008574138,"1.2 mm",15,"Plastic Spool",16S1215PLE,30,m/sec,80,90,5926,Kg,80,90,80,%,80,90,"0-For Complete Shop"
SupraMig,0.008574138,"1.2 mm",15,"Plastic Spool",16S1215PR,30,m/sec,80,90,5926,Kg,80,90,80,%,80,90,"0-For Complete Shop"
SupraMig,0.008574138,"1.2 mm",15,"Plastic Spool",16S1215PRE,30,m/sec,80,90,5926,Kg,80,90,80,%,80,90,"0-For Complete Shop"
SupraMig,0.008574138,"1.2 mm",15,"Sandvik Basket",16S1215SR,30,m/sec,80,90,5926,Kg,80,90,80,%,80,90,"0-For Complete Shop"
SupraMig,0.008574138,"1.2 mm",18,"Stein Basket",16S1218BR,30,m/sec,80,90,5926,Kg,80,90,80,%,80,90,"0-For Complete Shop"
SupraMig,0.008574138,"1.2 mm",18,"Stein Basket",16S1218BRE,30,m/sec,80,90,5926,Kg,80,90,80,%,80,90,"0-For Complete Shop"
SupraMig,0.008574138,"1.2 mm",18,"Stein Basket",16S1218BRU,30,m/sec,80,90,5926,Kg,80,90,80,%,80,90,"0-For Complete Shop"
SupraMig,0.008574138,"1.2 mm",18,"Drive Hole Basket",16S1218DR,30,m/sec,80,90,5926,Kg,80,90,80,%,80,90,"0-For Complete Shop"
SupraMig,0.008574138,"1.2 mm",18,"Sandvik Basket",16S1218SR,30,m/sec,80,90,5926,Kg,80,90,80,%,80,90,"0-For Complete Shop"
SupraMig,0.011726938,1.4mm,15,"Plastic Spool",16S1415PR,30,m/sec,80,90,8106,Kg,80,90,80,%,80,90,"0-For Complete Shop"
SupraMig,0.011726938,1.4mm,18,"Stein Basket",16S1418BR,30,m/sec,80,90,8106,Kg,80,90,80,%,80,90,"0-For Complete Shop"
SupraMig,0.015372363,1.6mm,15,"Stein Basket",16S1615BR,30,m/sec,80,90,10625,Kg,80,90,80,%,80,90,"0-For Complete Shop"
SupraMig,0.015372363,1.6mm,15,"Plastic Spool",16S1615PL,30,m/sec,80,90,10625,Kg,80,90,80,%,80,90,"0-For Complete Shop"
SupraMig,0.015372363,1.6mm,15,"Plastic Spool",16S1615PR,30,m/sec,80,90,10625,Kg,80,90,80,%,80,90,"0-For Complete Shop"
SupraMig,0.015372363,1.6mm,15,"Plastic Spool",16S1615PRE,30,m/sec,80,90,10625,Kg,80,90,80,%,80,90,"0-For Complete Shop"
SupraMig,0.015372363,1.6mm,18,"Stein Basket",16S1618BR,30,m/sec,80,90,10625,Kg,80,90,80,%,80,90,"0-For Complete Shop"
"SupraMig CF",0.003746413,0.8mm,18,"Stein Basket",16SCF0818BR,30,m/sec,80,90,2590,Kg,80,90,80,%,80,90,"0-For Complete Shop"
"SupraMig CF",0.00591,"1.0 mm",15,"Stein Basket",16SCF1015BRE,30,m/sec,80,90,4088,Kg,80,90,80,%,80,90,"0-For Complete Shop"
"SupraMig CF",0.00591,"1.0 mm",15,"Plastic Spool",16SCF1015PR,30,m/sec,80,90,4088,Kg,80,90,80,%,80,90,"0-For Complete Shop"
"SupraMig CF",0.00591,"1.0 mm",18,"Stein Basket",16SCF1018BR,30,m/sec,80,90,4088,Kg,80,90,80,%,80,90,"0-For Complete Shop"
"SupraMig CF",0.00591,"1.0 mm",18,"Drive Hole Basket",16SCF1018DR,30,m/sec,80,90,4088,Kg,80,90,80,%,80,90,"0-For Complete Shop"
"SupraMig CF",0.008574138,"1.2 mm",15,"Stein Basket",16SCF1215BR,30,m/sec,80,90,5926,Kg,80,90,80,%,80,90,"0-For Complete Shop"
"SupraMig CF",0.008574138,"1.2 mm",15,"Plastic Spool",16SCF1215PR,30,m/sec,80,90,5926,Kg,80,90,80,%,80,90,"0-For Complete Shop"
"SupraMig CF",0.008574138,"1.2 mm",18,"Stein Basket",16SCF1218BR,30,m/sec,80,90,5926,Kg,80,90,80,%,80,90,"0-For Complete Shop"
L61,0.015372363,1.6mm,15,"Stein Basket",FL61-16-15,30,m/sec,80,90,10625,Kg,80,90,80,%,80,90,"0-For Complete Shop"
L61,0.015372363,1.6mm,25,"K415 Basket",FL61-16-25,30,m/sec,80,90,10625,Kg,80,90,80,%,80,90,"0-For Complete Shop"
L61,0.0241411,2.0mm,25,"K415 Basket",FL61-2-25,30,m/sec,80,90,16686,Kg,80,90,80,%,80,90,"0-For Complete Shop"
SG3,0.00591,"1.0 mm",15,"Plastic Spool",163E1015PL,30,m/sec,80,90,4088,Kg,80,90,80,%,80,90,"0-For Complete Shop"
SG3,0.008574138,"1.2 mm",15,"Stein Basket",163E1215BL,30,m/sec,80,90,5926,Kg,80,90,80,%,80,90,"0-For Complete Shop"
SG3,0.008574138,"1.2 mm",15,"Plastic Spool",163E1215PL,30,m/sec,80,90,5926,Kg,80,90,80,%,80,90,"0-For Complete Shop"
"Nexus SG3",0.003746413,0.8mm,15,"Stein Basket",163NP0815BR,30,m/sec,80,90,2590,Kg,80,90,80,%,80,90,"0-For Complete Shop"
"Nexus SG3",0.003746413,0.8mm,15,"Plastic Spool",163NP0815PR,30,m/sec,80,90,2590,Kg,80,90,80,%,80,90,"0-For Complete Shop"
"Nexus SG3",0.00591,"1.0 mm",15,"Stein Basket",163NP1015BL,30,m/sec,80,90,4088,Kg,80,90,80,%,80,90,"0-For Complete Shop"
"Nexus SG3",0.00591,"1.0 mm",15,"Stein Basket",163NP1015BR,30,m/sec,80,90,4088,Kg,80,90,80,%,80,90,"0-For Complete Shop"
"Nexus SG3",0.00591,"1.0 mm",15,"Drive Hole Basket",163NP1015DR,30,m/sec,80,90,4088,Kg,80,90,80,%,80,90,"0-For Complete Shop"
"Nexus SG3",0.00591,"1.0 mm",15,"Plastic Spool",163NP1015PL,30,m/sec,80,90,4088,Kg,80,90,80,%,80,90,"0-For Complete Shop"
"Nexus SG3",0.00591,"1.0 mm",15,"Plastic Spool",163NP1015PLU,30,m/sec,80,90,4088,Kg,80,90,80,%,80,90,"0-For Complete Shop"
"Nexus SG3",0.00591,"1.0 mm",15,"Plastic Spool",163NP1015PR,30,m/sec,80,90,4088,Kg,80,90,80,%,80,90,"0-For Complete Shop"
"Nexus SG3",0.00591,"1.0 mm",15,"Plastic Spool",163NP1015PRU,30,m/sec,80,90,4088,Kg,80,90,80,%,80,90,"0-For Complete Shop"
"Nexus SG3",0.00591,"1.0 mm",18,"Stein Basket",163NP1018BR,30,m/sec,80,90,4088,Kg,80,90,80,%,80,90,"0-For Complete Shop"
"Nexus SG3",0.00591,"1.0 mm",18,"Stein Basket",163NP1018BRU,30,m/sec,80,90,4088,Kg,80,90,80,%,80,90,"0-For Complete Shop"
"Nexus SG3",0.008574138,"1.2 mm",15,"Stein Basket",163NP1215BL,30,m/sec,80,90,5926,Kg,80,90,80,%,80,90,"0-For Complete Shop"
"Nexus SG3",0.008574138,"1.2 mm",15,"Plastic Spool",163NP1215PL,30,m/sec,80,90,5926,Kg,80,90,80,%,80,90,"0-For Complete Shop"
"Nexus SG3",0.008574138,"1.2 mm",15,"Plastic Spool",163NP1215PLU,30,m/sec,80,90,5926,Kg,80,90,80,%,80,90,"0-For Complete Shop"
"Nexus SG3",0.008574138,"1.2 mm",15,"Plastic Spool",163NP1215PR,30,m/sec,80,90,5926,Kg,80,90,80,%,80,90,"0-For Complete Shop"
"Nexus SG3",0.008574138,"1.2 mm",18,"Stein Basket",163NP1218BR,30,m/sec,80,90,5926,Kg,80,90,80,%,80,90,"0-For Complete Shop"
"Nexus SG3",0.015372363,1.6mm,15,"Stein Basket",163NP1615BL,30,m/sec,80,90,10625,Kg,80,90,80,%,80,90,"0-For Complete Shop"
SG2,0.00591,"1.0 mm",15,"Drive Hole Basket",16E1015DL,30,m/sec,80,90,4088,Kg,80,90,80,%,80,90,"0-For Complete Shop"
SG2,0.00591,"1.0 mm",15,"Plastic Spool",16E1015PL,30,m/sec,80,90,4088,Kg,80,90,80,%,80,90,"0-For Complete Shop"
SG2,0.008574138,"1.2 mm",15,"Plastic Spool",16E1215PL,30,m/sec,80,90,5926,Kg,80,90,80,%,80,90,"0-For Complete Shop"
SG2,0.00591,"1.0 mm",15,"Plastic Spool",16G1015PL,30,m/sec,80,90,4088,Kg,80,90,80,%,80,90,"0-For Complete Shop"
SG2,0.008574138,"1.2 mm",15,"Plastic Spool",16G1215PL,30,m/sec,80,90,5926,Kg,80,90,80,%,80,90,"0-For Complete Shop"
"Nexus SG2",0.00591,"1.0 mm",15,"Stein Basket",16N1015BL,30,m/sec,80,90,4088,Kg,80,90,80,%,80,90,"0-For Complete Shop"
"Nexus SG2",0.00591,"1.0 mm",15,"Drive Hole Basket",16N1015DL,30,m/sec,80,90,4088,Kg,80,90,80,%,80,90,"0-For Complete Shop"
"Nexus SG2",0.00591,"1.0 mm",15,"Plastic Spool",16N1015PL,30,m/sec,80,90,4088,Kg,80,90,80,%,80,90,"0-For Complete Shop"
"Nexus SG2",0.00591,"1.0 mm",15,"Sandvik Basket",16N1015SL,30,m/sec,80,90,4088,Kg,80,90,80,%,80,90,"0-For Complete Shop"
"Nexus SG2",0.00591,"1.0 mm",18,"Stein Basket",16N1018BL,30,m/sec,80,90,4088,Kg,80,90,80,%,80,90,"0-For Complete Shop"
"Nexus SG2",0.008574138,"1.2 mm",15,"Drive Hole Basket",16N1215DL,30,m/sec,80,90,5926,Kg,80,90,80,%,80,90,"0-For Complete Shop"
"Nexus SG2",0.008574138,"1.2 mm",15,"Plastic Spool",16N1215PL,30,m/sec,80,90,5926,Kg,80,90,80,%,80,90,"0-For Complete Shop"
"Nexus SG2",0.008574138,"1.2 mm",15,"Sandvik Basket",16N1215SL,30,m/sec,80,90,5926,Kg,80,90,80,%,80,90,"0-For Complete Shop"
"Nexus SG2",0.008574138,"1.2 mm",18,"Stein Basket",16N1218BL,30,m/sec,80,90,5926,Kg,80,90,80,%,80,90,"0-For Complete Shop"
SG2,0.00591,"1.0 mm",15,"Plastic Spool",16R1015PL,30,m/sec,80,90,4088,Kg,80,90,80,%,80,90,"0-For Complete Shop"
SG2,0.008574138,"1.2 mm",15,"Plastic Spool",16R1215PL,30,m/sec,80,90,5926,Kg,80,90,80,%,80,90,"0-For Complete Shop"
SG2,0.00591,"1.0 mm",15,"Stein Basket",16X1015BL,30,m/sec,80,90,4088,Kg,80,90,80,%,80,90,"0-For Complete Shop"
SG2,0.00591,"1.0 mm",15,"Plastic Spool",16X1015PL,30,m/sec,80,90,4088,Kg,80,90,80,%,80,90,"0-For Complete Shop"
SG2,0.00591,"1.0 mm",15,"Plastic Spool",16X1015PR,30,m/sec,80,90,4088,Kg,80,90,80,%,80,90,"0-For Complete Shop"
SG2,0.008574138,"1.2 mm",15,"Stein Basket",16X1215BL,30,m/sec,80,90,5926,Kg,80,90,80,%,80,90,"0-For Complete Shop"
SG2,0.008574138,"1.2 mm",15,"Drive Hole Basket",16X1215DL,30,m/sec,80,90,5926,Kg,80,90,80,%,80,90,"0-For Complete Shop"
SG2,0.008574138,"1.2 mm",15,"Plastic Spool",16X1215PL,30,m/sec,80,90,5926,Kg,80,90,80,%,80,90,"0-For Complete Shop"
SG2,0.015372363,1.6mm,15,"Plastic Spool",16X1615PL,30,m/sec,80,90,10625,Kg,80,90,80,%,80,90,"0-For Complete Shop"
SG2,0.015372363,1.6mm,15,"Steel Reel",16X16BB,30,m/sec,80,90,10625,Kg,80,90,80,%,80,90,"0-For Complete Shop"
SG2,0.015372363,1.6mm,15,"Steel Reel",16X16BP,30,m/sec,80,90,10625,Kg,80,90,80,%,80,90,"0-For Complete Shop"
SG2,0.015372363,1.6mm,15,"Wooden Reel",16X16WD,30,m/sec,80,90,10625,Kg,80,90,80,%,80,90,"0-For Complete Shop"
"SG2 - Copper Free",0.003746413,0.8mm,15,"Plastic Spool",16XCF0815PL,30,m/sec,80,90,2590,Kg,80,90,80,%,80,90,"0-For Complete Shop"
"SG2 - Copper Free",0.00591,"1.0 mm",15,"Plastic Spool",16XCF1015PL,30,m/sec,80,90,4088,Kg,80,90,80,%,80,90,"0-For Complete Shop"
"SG2 - Copper Free",0.008574138,"1.2 mm",15,"Plastic Spool",16XCF1215PL,30,m/sec,80,90,5926,Kg,80,90,80,%,80,90,"0-For Complete Shop"
SG2,0.008574138,"1.2 mm",15,"Plastic Spool",16ZP1215PLE,30,m/sec,80,90,5926,Kg,80,90,80,%,80,90,"0-For Complete Shop"
SG3,0.003746413,0.8mm,15,"Plastic Spool",1730815PR,30,m/sec,80,90,2590,Kg,80,90,80,%,80,90,"0-For Complete Shop"
SG2,0.008574138,"1.2 mm",15,"Plastic Spool",17A1215PL,30,m/sec,80,90,5926,Kg,80,90,80,%,80,90,"0-For Complete Shop"
SG2,0.003746413,0.8mm,15,"Plastic Spool",17R0815PL,30,m/sec,80,90,2590,Kg,80,90,80,%,80,90,"0-For Complete Shop"
SG2,0.003746413,0.8mm,15,"Plastic Spool",17SW0815PL,30,m/sec,80,90,2590,Kg,80,90,80,%,80,90,"0-For Complete Shop"
SG2,0.003746413,0.8mm,15,"Plastic Spool",17U0815PL,30,m/sec,80,90,2590,Kg,80,90,80,%,80,90,"0-For Complete Shop"
SG2,0.003746413,0.8mm,15,"Plastic Spool",17ZWR0815PL,30,m/sec,80,90,2590,Kg,80,90,80,%,80,90,"0-For Complete Shop"
"LNM MoNiVa",0.00591,"1.0 mm",15,"Stein Basket",16MNV1015BLE,30,m/sec,80,90,4088,Kg,80,90,80,%,80,90,"0-For Complete Shop"
"LNM MoNiVa",0.008574138,"1.2 mm",15,"Stein Basket",16MNV1215BLE,30,m/sec,80,90,5926,Kg,80,90,80,%,80,90,"0-For Complete Shop"
"SupraMig CF",0.008574138,"1.2 mm",15,"Stein Basket",16SCF1215BRE,30,m/sec,80,90,5926,Kg,80,90,80,%,80,90,"0-For Complete Shop"
"SupraMig Ultra CF",0.008574138,"1.2 mm",15,"Stein Basket",163CF1215BLE,30,m/sec,80,90,5926,Kg,80,90,80,%,80,90,"0-For Complete Shop"
"SupraMig CF",0.008574138,"1.2 mm",15,"Stein Basket",16SCF1215BLE,30,m/sec,80,90,5926,Kg,80,90,80,%,80,90,"0-For Complete Shop"
"SupraMig CF",0.00591,"1.0 mm",15,"Plastic Spool",16SCF1015PRE,30,m/sec,80,90,4088,Kg,80,90,80,%,80,90,"0-For Complete Shop"
"SupraMig Ultra",0.015372363,1.6mm,15,"Stein Basket",1631615BLE,30,m/sec,80,90,10625,Kg,80,90,80,%,80,90,"0-For Complete Shop"
"SupraMig CF",0.015372363,1.6mm,15,"Plastic Spool",16SCF1615PRE,30,m/sec,80,90,10625,Kg,80,90,80,%,80,90,"0-For Complete Shop"
"SupraMig Ultra CF",0.00591,"1.0 mm",15,"Stein Basket",163CF1015BLE,30,m/sec,80,90,4088,Kg,80,90,80,%,80,90,"0-For Complete Shop"
"SupraMig Ultra CF",0.015372363,1.6mm,15,"Stein Basket",163CF1615BLE,30,m/sec,80,90,10625,Kg,80,90,80,%,80,90,"0-For Complete Shop"
"SupraMig Ultra CF",0.00591,"1.0 mm",15,"Stein Basket",163CF1015BR,30,m/sec,80,90,4088,Kg,80,90,80,%,80,90,"0-For Complete Shop"
"SupraMig Ultra CF",0.008574138,"1.2 mm",15,"Stein Basket",163CF1215BR,30,m/sec,80,90,5926,Kg,80,90,80,%,80,90,"0-For Complete Shop"
"SupraMig CF",0.00591,"1.0 mm",15,"Stein Basket","16SCF1015BR ",30,m/sec,80,90,4088,Kg,80,90,80,%,80,90,"0-For Complete Shop"
"SupraMig Ultra CF",0.008574138,"1.2 mm",15,"Stein Basket",163CF1215BRE,30,m/sec,80,90,5926,Kg,80,90,80,%,80,90,"0-For Complete Shop"
SupraMig,0.015372363,1.6mm,15,"Plastic Spool","16SCF1615PR ",30,m/sec,80,90,10625,Kg,80,90,80,%,80,90,"0-For Complete Shop"
"SupraMig Ultra CF",0.00591,"1.0 mm",15,"Stein Basket",163CF1015BRE,30,m/sec,80,90,4088,Kg,80,90,80,%,80,90,"0-For Complete Shop"
"Arcweld A18 PLUS",0.00591,"1.0 mm",15,"Drive Hole Basket",16A1015DL,30,m/sec,80,90,4088,Kg,80,90,80,%,80,90,"0-For Complete Shop"
"Arcweld A18 PLUS",0.008574138,"1.2 mm",15,"Drive Hole Basket",16A1215DL,30,m/sec,80,90,5926,Kg,80,90,80,%,80,90,"0-For Complete Shop"
"Arcweld A18 PLUS",0.003746413,0.8mm,15,"Plastic Spool",16A0815PL,30,m/sec,80,90,2590,Kg,80,90,80,%,80,90,"0-For Complete Shop"
SupraMig,0.003746413,0.8mm,15,"Plastic Spool",16S0815PL,30,m/sec,80,90,2590,Kg,80,90,80,%,80,90,"0-For Complete Shop"
"SupraMig CF",0.00591,"1.0 mm",15,"Drive Hole Basket",16SCF1015DR,30,m/sec,80,90,4088,Kg,80,90,80,%,80,90,"0-For Complete Shop"
"SupraMig CF",0.008574138,"1.2 mm",15,"Drive Hole Basket",16SCF1215DR,30,m/sec,80,90,5926,Kg,80,90,80,%,80,90,"0-For Complete Shop"
"SupraMig Ultra",0.00591,"1.0 mm",15,"Stein Basket",1631015BLE,30,m/sec,80,90,4088,Kg,80,90,80,%,80,90,"0-For Complete Shop"
"SupraMig Ultra CF",0.00591,"1.0 mm",15,"Drive Hole Basket",163CF1015DR,30,m/sec,80,90,4088,Kg,80,90,80,%,80,90,"0-For Complete Shop"
"SupraMig Ultra CF",0.008574138,"1.2 mm",15,"Drive Hole Basket",163CF1215DR,30,m/sec,80,90,5926,Kg,80,90,80,%,80,90,"0-For Complete Shop"
SupraMig,0.00591,"1.0 mm",15,"Stein Basket",16S1015BLE,30,m/sec,80,90,4088,Kg,80,90,80,%,80,90,"0-For Complete Shop"
"Arcweld A18 PLUS",0.008574138,"1.2 mm",15,"Stein Basket",16A1215BL,30,m/sec,80,90,5926,Kg,80,90,80,%,80,90,"0-For Complete Shop"
"Nexus SG2",0.00591,"1.0 mm",18,"Drive Hole Basket",16N1018DL,30,m/sec,80,90,4088,Kg,80,90,80,%,80,90,"0-For Complete Shop"
SupraMig,0.00476861,0.9mm,15,"Stein Basket",16S0915BRU,30,m/sec,80,90,3296,Kg,80,90,80,%,80,90,"0-For Complete Shop"
LNM28,0.00591,"1.0 mm",15,"Stein Basket",16CTN1015BLE,30,m/sec,80,90,4088,Kg,80,90,80,%,80,90,"0-For Complete Shop"
LNM28,0.008574138,"1.2 mm",15,"Stein Basket",16CTN1215BLE,30,m/sec,80,90,5926,Kg,80,90,80,%,80,90,"0-For Complete Shop"
SG2,0.008574138,"1.2 mm",15,"Stein Baskets",16ZP1215BRE,30,m/sec,80,90,5926,Kg,80,90,80,%,80,90,"0-For Complete Shop"
"SupraMig CF",0.008574138,"1.2 mm",18,"Drive Hole Basket",16SCF1218DR,30,m/sec,80,90,5926,Kg,80,90,80,%,80,90,"0-For Complete Shop"
"SupraMig Ultra",0.00591,"1.0 mm",18,"Drive Hole Basket",1631018DR,30,m/sec,80,90,4088,Kg,80,90,80,%,80,90,"0-For Complete Shop"
"SupraMig CF",0.008574138,"1.2 mm",15,"Plastic Spool",16SCF1215PL,30,m/sec,80,90,5926,Kg,80,90,80,%,80,90,"0-For Complete Shop"
"SupraMig CF",0.00591,"1.0 mm",15,"Stein Basket",16SCF1015BLE,30,m/sec,80,90,4088,Kg,80,90,80,%,80,90,"0-For Complete Shop"
"LNM MoNiVa",0.00591,"1.0 mm",15,"Stein Basket",16MNV1015BRE,30,m/sec,80,90,4088,Kg,80,90,80,%,80,90,"0-For Complete Shop"
"LNM MoNiVa",0.008574138,"1.2 mm",15,"Stein Basket",16MNV1215BRE,30,m/sec,80,90,5926,Kg,80,90,80,%,80,90,"0-For Complete Shop"
"Nexus SG3",0.008574138,"1.2 mm",15,"Drive Hole Basket",163NP1215DR,30,m/sec,80,90,5926,Kg,80,90,80,%,80,90,"0-For Complete Shop"
SupraMig,0.011726938,1.4mm,5,"Plastic Spool",16S1405PR,30,m/sec,80,90,8106,Kg,80,90,80,%,80,90,"0-For Complete Shop"
"SupraMig Ultra CF",0.008574138,"1.2 mm",18,"Drive Hole Basket",163CF1218DR,30,m/sec,80,90,5926,Kg,80,90,80,%,80,90,"0-For Complete Shop"
"SupraMig Ultra",0.00591,"1.0 mm",15,"Plastic Spool",1631015PREX,30,m/sec,80,90,4088,Kg,80,90,80,%,80,90,"0-For Complete Shop"
"SupraMig Ultra",0.008574138,"1.2 mm",18,"Stein Basket",1631218BRWC,30,m/sec,80,90,5926,Kg,80,90,80,%,80,90,"0-For Complete Shop"
"SupraMig Ultra",0.00591,"1.0 mm",5,"Plastic Spool",1631005PR,30,m/sec,80,90,4088,Kg,80,90,80,%,80,90,"0-For Complete Shop"
"SupraMig HD",0.008574138,"1.2 mm",15,"Stein Basket",16SHD1215BR,30,m/sec,80,90,5926,Kg,80,90,80,%,80,90,"0-For Complete Shop"
"SupraMig HD",0.008574138,"1.2 mm",15,"SR Basket",16SHD1215SR,30,m/sec,80,90,5926,Kg,80,90,80,%,80,90,"0-For Complete Shop"
"SupraMig HD",0.011726938,1.4mm,15,"Stein Basket",16SHD1415BR,30,m/sec,80,90,8106,Kg,80,90,80,%,80,90,"0-For Complete Shop"
"SupraMig HD",0.011726938,1.4mm,15,"SR Basket",16SHD1415SR,30,m/sec,80,90,8106,Kg,80,90,80,%,80,90,"0-For Complete Shop"
"SupraMig HD",0.015372363,1.6mm,15,"Stein Basket",16SHD1615BR,30,m/sec,80,90,10625,Kg,80,90,80,%,80,90,"0-For Complete Shop"
"SupraMig HD",0.015372363,1.6mm,15,"SR Basket",16SHD1615SR,30,m/sec,80,90,10625,Kg,80,90,80,%,80,90,"0-For Complete Shop"
"SupraMig Ultra HD",0.008574138,"1.2 mm",15,"Stein Basket",163HD1215BR,30,m/sec,80,90,5926,Kg,80,90,80,%,80,90,"0-For Complete Shop"
"SupraMig Ultra HD",0.008574138,"1.2 mm",15,"SR Basket",163HD1215SR,30,m/sec,80,90,5926,Kg,80,90,80,%,80,90,"0-For Complete Shop"
"SupraMig Ultra HD",0.011726938,1.4mm,15,"Stein Basket",163HD1415BR,30,m/sec,80,90,8106,Kg,80,90,80,%,80,90,"0-For Complete Shop"
"SupraMig Ultra HD",0.011726938,1.4mm,15,"SR Basket",163HD1415SR,30,m/sec,80,90,8106,Kg,80,90,80,%,80,90,"0-For Complete Shop"
"SupraMig Ultra HD",0.015372363,1.6mm,15,"Stein Basket",163HD1615BR,30,m/sec,80,90,10625,Kg,80,90,80,%,80,90,"0-For Complete Shop"
"SupraMig Ultra HD",0.015372363,1.6mm,15,"SR Basket",163HD1615SR,30,m/sec,80,90,10625,Kg,80,90,80,%,80,90,"0-For Complete Shop"
"SupraMig HD",0.00591,"1.0 mm",15,"Plastic Spool",16SHD1015PR,30,m/sec,80,90,4088,Kg,80,90,80,%,80,90,"0-For Complete Shop"
"SupraMig HD",0.008574138,"1.2 mm",15,"Plastic Spool",16SHD1215PR,30,m/sec,80,90,5926,Kg,80,90,80,%,80,90,"0-For Complete Shop"
"SupraMig HD",0.008574138,"1.2 mm",15,"Stein Basket",16SHD1215BRE,30,m/sec,80,90,5926,Kg,80,90,80,%,80,90,"0-For Complete Shop"
"SupraMig Ultra",0.00591,"1.0 mm",15,"Stein Basket",1631015BREX,30,m/sec,80,90,4088,Kg,80,90,80,%,80,90,"0-For Complete Shop"
"SupraMig HD",0.00591,"1.0 mm",15,"Stein Basket",16SHD1015BR,30,m/sec,80,90,4088,Kg,80,90,80,%,80,90,"0-For Complete Shop"
"SupraMig HD",0.00591,"1.0 mm",15,"Stein Basket",16SHD1015BRE,30,m/sec,80,90,4088,Kg,80,90,80,%,80,90,"0-For Complete Shop"
"SupraMig HD",0.00591,"1.0 mm",15,"Plastic Spool",16SHD1015PRE,30,m/sec,80,90,4088,Kg,80,90,80,%,80,90,"0-For Complete Shop"
"SupraMig HD",0.008574138,"1.2 mm",15,"Plastic Spool",16SHD1215PRE,30,m/sec,80,90,5926,Kg,80,90,80,%,80,90,"0-For Complete Shop"
"SupraMig Ultra HD",0.00591,"1.0 mm",15,"Stein Basket",163HD1015BR,30,m/sec,80,90,4088,Kg,80,90,80,%,80,90,"0-For Complete Shop"
"SupraMig Ultra",0.00591,"1.0 mm",18,"Drive Hole Basket",1631018DRWC,30,m/sec,80,90,4088,Kg,80,90,80,%,80,90,"0-For Complete Shop"
"SupraMig HD",0.015372363,1.6mm,15,"Stein Basket",16SHD1615BRE,30,m/sec,80,90,10625,Kg,80,90,80,%,80,90,"0-For Complete Shop"
SupraMig,0.015372363,1.6mm,15,"Stein Basket",16S1615BRE,30,m/sec,80,90,10625,Kg,80,90,80,%,80,90,"0-For Complete Shop"
"SupraMig Ultra",0.008574138,"1.2 mm",15,"Stein Basket",1631215BREX,30,m/sec,80,90,5926,Kg,80,90,80,%,80,90,"0-For Complete Shop"
"CBL A18 PLUS",0.00591,"1.0 mm",15,"Plastic Spool",16C1015PL,30,m/sec,80,90,4088,Kg,80,90,80,%,80,90,"0-For Complete Shop"
"CBL A18 PLUS",0.008574138,"1.2 mm",15,"Plastic Spool",16C1215PL,30,m/sec,80,90,5926,Kg,80,90,80,%,80,90,"0-For Complete Shop"
"SupraMig Ultra HD",0.008574138,"1.2 mm",15,"Stein Basket",163HD1215BRE,30,m/sec,80,90,5926,Kg,80,90,80,%,80,90,"0-For Complete Shop"
SG2,0.003746413,0.8mm,15,"Plastic Spool",17C0815PL,30,m/sec,80,90,2590,Kg,80,90,80,%,80,90,"0-For Complete Shop"
"Nexus SG2",0.008574138,"1.2 mm",15,"Stein Basket",16N1215BL,30,m/sec,80,90,5926,Kg,80,90,80,%,80,90,"0-For Complete Shop"
Supramig,0.008574138,"1.2 mm",15,"Plastic Spool",16S1215PREX,30,m/sec,80,90,5926,Kg,80,90,80,%,80,90,"0-For Complete Shop"
"SupraMig HD",0.008574138,"1.2 mm",15,"Stein Basket",16SHD1215BLE,30,m/sec,80,90,5926,Kg,80,90,80,%,80,90,"0-For Complete Shop"
"Magnatec SG2",0.008574138,"1.2 mm",15,"Stein Basket",16SM1215BR,30,m/sec,80,90,5926,Kg,80,90,80,%,80,90,"0-For Complete Shop"
"SupraMig Ultra",0.008574138,"1.2 mm",15,"Stein Basket",163HD1215BREX,30,m/sec,80,90,5926,Kg,80,90,80,%,80,90,"0-For Complete Shop"
"Arcweld A18 PLUS",0.008574138,"1.2 mm",18,"Drive Hole Basket",16A1218DL,30,m/sec,80,90,5926,Kg,80,90,80,%,80,90,"0-For Complete Shop"
"SupraMig HD",0.008574138,"1.2 mm",300,Reel,16SHD12300MR,30,m/sec,80,90,5926,Kg,80,90,80,%,80,90,"0-For Complete Shop"
"SupraMig Ultra HD",0.008574138,"1.2 mm",300,Reel,163HD12300MR,30,m/sec,80,90,5926,Kg,80,90,80,%,80,90,"0-For Complete Shop"
"Autal SG2",0.00591,"1.0 mm",15,"Drive Hole Basket",16AUT1015PL,30,m/sec,80,90,4088,Kg,80,90,80,%,80,90,"0-For Complete Shop"
"Autal SG2",0.008574138,"1.2 mm",15,"Drive Hole Basket",16AUT1215PL,30,m/sec,80,90,5926,Kg,80,90,80,%,80,90,"0-For Complete Shop"
Supramig,0.008574138,"1.2 mm",300,Reel,16S12300MR,30,m/sec,80,90,5926,Kg,80,90,80,%,80,90,"0-For Complete Shop"
"Nexus SG2",0.003746413,0.8mm,15,"Plastic Spool",17N0815PL,30,m/sec,80,90,2590,Kg,80,90,80,%,80,90,"0-For Complete Shop"
"SupraMig HD",0.011726938,1.4mm,15,"Stein Basket",16SHD1415BRE,30,m/sec,80,90,8106,Kg,80,90,80,%,80,90,"0-For Complete Shop"
Supramig,0.00591,"1.0 mm",15,"Plastic Spool",16S1015PREX,30,m/sec,80,90,4088,Kg,80,90,80,%,80,90,"0-For Complete Shop"
"SupraMig Ultra",0.00591,"1.0 mm",15,"Plastic Spool",1631015PLWC,30,m/sec,80,90,4088,Kg,80,90,80,%,80,90,"0-For Complete Shop"
"BOC SG2",0.00591,"1.0 mm",15,"Plastic Spool",16BOC1015PL,30,m/sec,80,90,4088,Kg,80,90,80,%,80,90,"0-For Complete Shop"
"BOC SG2",0.008574138,"1.2 mm",15,"Plastic Spool",16BOC1215PL,30,m/sec,80,90,5926,Kg,80,90,80,%,80,90,"0-For Complete Shop"
"BOC SG2",0.003746413,0.8mm,15,"Plastic Spool",17BOC0815PL,30,m/sec,80,90,2590,Kg,80,90,80,%,80,90,"0-For Complete Shop"
"SupraMig Ultra HD",0.008574138,"1.2 mm",15,"Stein Basket",163HD1215BRU,30,m/sec,80,90,5926,Kg,80,90,80,%,80,90,"0-For Complete Shop"
SupraMig,0.00591,"1.0 mm",15,"Plastic Spool",16S1015PLVF,30,m/sec,80,90,4088,Kg,80,90,80,%,80,90,"0-For Complete Shop"
SupraMig,0.008574138,"1.2 mm",18,"Drive Hole Basket",16S1218DL,30,m/sec,80,90,5926,Kg,80,90,80,%,80,90,"0-For Complete Shop"
"SupraMig Ultra HD",0.008574138,"1.2 mm",15,"Stein Basket",163HD1215BREU,30,m/sec,80,90,5926,Kg,80,90,80,%,80,90,"0-For Complete Shop"
"SupraMig Ultra",0.00591,"1.0 mm",15,"Plastic Spool",1631015PREVF,30,m/sec,80,90,4088,Kg,80,90,80,%,80,90,"0-For Complete Shop"
"SupraMig HD",0.0105669,1.32mm,15,"Stein Basket",16SHD13215BR,30,m/sec,80,90,7304,Kg,80,90,80,%,80,90,"0-For Complete Shop"
"SupraMig Ultra",0.0105669,1.32mm,15,"Stein Basket",163HD13215BR,30,m/sec,80,90,7304,Kg,80,90,80,%,80,90,"0-For Complete Shop"
"SupraMig Ultra",0.008574138,"1.2 mm",16,"Drive Hole Basket",1631216DRE,30,m/sec,80,90,5926,Kg,80,90,80,%,80,90,"0-For Complete Shop"
SupraMig,0.00591,"1.0 mm",18,"Stein Basket",16S1018BRVW,30,m/sec,80,90,4088,Kg,80,90,80,%,80,90,"0-For Complete Shop"
"SupraMig Ultra",0.00591,"1.0 mm",16,"Stein Basket",1631016BL,30,m/sec,80,90,4088,Kg,80,90,80,%,80,90,"0-For Complete Shop"
"SupraMig Ultra",0.00591,"1.0 mm",16,"Stein Basket",1631016BR,30,m/sec,80,90,4088,Kg,80,90,80,%,80,90,"0-For Complete Shop"
"SupraMig Ultra",0.00591,"1.0 mm",16,"Stein Basket",1631016BRE,30,m/sec,80,90,4088,Kg,80,90,80,%,80,90,"0-For Complete Shop"
"SupraMig Ultra",0.00591,"1.0 mm",16,"Stein Basket",1631016BREX,30,m/sec,80,90,4088,Kg,80,90,80,%,80,90,"0-For Complete Shop"
"SupraMig Ultra",0.00591,"1.0 mm",16,"Drive Hole Basket",1631016DR,30,m/sec,80,90,4088,Kg,80,90,80,%,80,90,"0-For Complete Shop"
"SupraMig Ultra",0.008574138,"1.2 mm",16,"Stein Basket",1631216BL,30,m/sec,80,90,5926,Kg,80,90,80,%,80,90,"0-For Complete Shop"
"SupraMig Ultra",0.008574138,"1.2 mm",16,"Stein Basket",1631216BR,30,m/sec,80,90,5926,Kg,80,90,80,%,80,90,"0-For Complete Shop"
"SupraMig Ultra",0.008574138,"1.2 mm",16,"Stein Basket",1631216BRE,30,m/sec,80,90,5926,Kg,80,90,80,%,80,90,"0-For Complete Shop"
"SupraMig Ultra",0.008574138,"1.2 mm",16,"Stein Basket",1631216BREX,30,m/sec,80,90,5926,Kg,80,90,80,%,80,90,"0-For Complete Shop"
"SupraMig Ultra",0.008574138,"1.2 mm",16,"Stein Basket",1631216BRU,30,m/sec,80,90,5926,Kg,80,90,80,%,80,90,"0-For Complete Shop"
"SupraMig Ultra",0.008574138,"1.2 mm",16,"Drive Hole Basket",1631216DR,30,m/sec,80,90,5926,Kg,80,90,80,%,80,90,"0-For Complete Shop"
"SupraMig Ultra",0.008574138,"1.2 mm",16,"Stein Basket",1631616BLE,30,m/sec,80,90,5926,Kg,80,90,80,%,80,90,"0-For Complete Shop"
"SupraMig Ultra HD",0.008574138,"1.2 mm",16,"Stein Basket",163HD1216BR,30,m/sec,80,90,5926,Kg,80,90,80,%,80,90,"0-For Complete Shop"
"SupraMig Ultra HD",0.008574138,"1.2 mm",16,"Stein Basket",163HD1216BRE,30,m/sec,80,90,5926,Kg,80,90,80,%,80,90,"0-For Complete Shop"
"SupraMig Ultra HD",0.008574138,"1.2 mm",16,"Stein Basket",163HD1216BREU,30,m/sec,80,90,5926,Kg,80,90,80,%,80,90,"0-For Complete Shop"
"SupraMig Ultra HD",0.011726938,1.4mm,16,"Stein Basket",163HD1416BR,30,m/sec,80,90,8106,Kg,80,90,80,%,80,90,"0-For Complete Shop"
"Nexus SG3",0.008574138,"1.2 mm",16,"Drive Hole Basket",163NP1216DR,30,m/sec,80,90,5926,Kg,80,90,80,%,80,90,"0-For Complete Shop"
"Arcweld A18 PLUS",0.00591,"1.0 mm",16,"Stein Basket",16A1016BL,30,m/sec,80,90,4088,Kg,80,90,80,%,80,90,"0-For Complete Shop"
"Arcweld A18 PLUS",0.008574138,"1.2 mm",16,"Stein Basket",16A1216BL,30,m/sec,80,90,5926,Kg,80,90,80,%,80,90,"0-For Complete Shop"
"Arcweld A18 PLUS",0.008574138,"1.2 mm",16,"Drive Hole Basket",16A1216DL,30,m/sec,80,90,5926,Kg,80,90,80,%,80,90,"0-For Complete Shop"
"Nexus SG2",0.00591,"1.0 mm",16,"Drive Hole Basket",16N1016DL,30,m/sec,80,90,4088,Kg,80,90,80,%,80,90,"0-For Complete Shop"
"Nexus SG2",0.008574138,"1.2 mm",16,"Stein Basket",16N1216BL,30,m/sec,80,90,5926,Kg,80,90,80,%,80,90,"0-For Complete Shop"
"Nexus SG2",0.008574138,"1.2 mm",16,"Drive Hole Basket",16N1216DL,30,m/sec,80,90,5926,Kg,80,90,80,%,80,90,"0-For Complete Shop"
SupraMig,0.003746413,0.8mm,16,"Stein Basket",16S0816BRE,30,m/sec,80,90,2590,Kg,80,90,80,%,80,90,"0-For Complete Shop"
SupraMig,0.00476861,0.9mm,16,"Stein Basket",16S0916BR,30,m/sec,80,90,3296,Kg,80,90,80,%,80,90,"0-For Complete Shop"
SupraMig,0.00591,"1.0 mm",16,"Stein Basket",16S1016BL,30,m/sec,80,90,4088,Kg,80,90,80,%,80,90,"0-For Complete Shop"
SupraMig,0.00591,"1.0 mm",16,"Stein Basket",16S1016BRDC,30,m/sec,80,90,4088,Kg,80,90,80,%,80,90,"0-For Complete Shop"
SupraMig,0.00591,"1.0 mm",16,"Stein Basket",16S1016BRE,30,m/sec,80,90,4088,Kg,80,90,80,%,80,90,"0-For Complete Shop"
SupraMig,0.00591,"1.0 mm",16,"Stein Basket",16S1016BRVW,30,m/sec,80,90,4088,Kg,80,90,80,%,80,90,"0-For Complete Shop"
SupraMig,0.008574138,"1.2 mm",16,"Stein Basket",16S1216BR,30,m/sec,80,90,5926,Kg,80,90,80,%,80,90,"0-For Complete Shop"
SupraMig,0.008574138,"1.2 mm",16,"Stein Basket",16S1216BRE,30,m/sec,80,90,5926,Kg,80,90,80,%,80,90,"0-For Complete Shop"
SupraMig,0.008574138,"1.2 mm",16,"Stein Basket",16S1216BREX,30,m/sec,80,90,5926,Kg,80,90,80,%,80,90,"0-For Complete Shop"
SupraMig,0.008574138,"1.2 mm",16,"Stein Basket",16S1216BRVW,30,m/sec,80,90,5926,Kg,80,90,80,%,80,90,"0-For Complete Shop"
SupraMig,0.015372363,1.6mm,16,"Stein Basket",16S1616BRE,30,m/sec,80,90,10625,Kg,80,90,80,%,80,90,"0-For Complete Shop"
"SupraMig HD",0.00591,"1.0 mm",16,"Stein Basket",16SHD1016BR,30,m/sec,80,90,4088,Kg,80,90,80,%,80,90,"0-For Complete Shop"
"SupraMig HD",0.00591,"1.0 mm",16,"Stein Basket",16SHD1016BRE,30,m/sec,80,90,4088,Kg,80,90,80,%,80,90,"0-For Complete Shop"
"SupraMig HD",0.008574138,"1.2 mm",16,"Stein Basket",16SHD1216BLE,30,m/sec,80,90,5926,Kg,80,90,80,%,80,90,"0-For Complete Shop"
"SupraMig HD",0.008574138,"1.2 mm",16,"Stein Basket",16SHD1216BR,30,m/sec,80,90,5926,Kg,80,90,80,%,80,90,"0-For Complete Shop"
"SupraMig HD",0.008574138,"1.2 mm",16,"Stein Basket",16SHD1216BRE,30,m/sec,80,90,5926,Kg,80,90,80,%,80,90,"0-For Complete Shop"
"Magnatec SG2",0.008574138,"1.2 mm",16,"Stein Basket",16SM1216BR,30,m/sec,80,90,5926,Kg,80,90,80,%,80,90,"0-For Complete Shop"
SupraMig,0.00591,"1.0 mm",16,"Stein Basket",16S1016BR,30,m/sec,80,90,4088,Kg,80,90,80,%,80,90,"0-For Complete Shop"
"SupraMig Ultra",0.00591,"1.0 mm",5,"Plastic Spool",1631005PRF,30,m/sec,80,90,4088,Kg,80,90,80,%,80,90,"0-For Complete Shop"
"SupraMig HD",0.0105669,1.32mm,16,"Stein Basket",16SHD13216BR,30,m/sec,80,90,7304,Kg,80,90,80,%,80,90,"0-For Complete Shop"
"SupraMig Ultra HD",0.0105669,1.32mm,16,"Stein Basket",163HD13216BR,30,m/sec,80,90,7304,Kg,80,90,80,%,80,90,"0-For Complete Shop"
"SupraMig Ultra HD",0.008574138,"1.2 mm",16,"Stein Basket",163HD1216BLE,30,m/sec,80,90,5926,Kg,80,90,80,%,80,90,"0-For Complete Shop"
"Nexus SG2",0.008574138,"1.2 mm",18,"Drive Hole Basket",16N1218DL,30,m/sec,80,90,5926,Kg,80,90,80,%,80,90,"0-For Complete Shop"
"SupraMig Ultra",0.00591,"1.0 mm",15,"Plastic Spool",1631015PLVFWC,30,m/sec,80,90,4088,Kg,80,90,80,%,80,90,"0-For Complete Shop"
"SupraMig Ultra",0.008574138,"1.2 mm",16,"Stein Basket",1631216BLEX,30,m/sec,80,90,5926,Kg,80,90,80,%,80,90,"0-For Complete Shop"
"Arcweld A18 PLUS",0.00591,"1.0 mm",16,"Stein Basket",16A1016DL,30,m/sec,80,90,4088,Kg,80,90,80,%,80,90,"0-For Complete Shop"
SupraMig,0.00591,"1.0 mm",15,"Plastic Spool",16S1015PLVFWC,30,m/sec,80,90,4088,Kg,80,90,80,%,80,90,"0-For Complete Shop"
"ARCWELD AS2",0.00591,"1.0 mm",18,"Drive Hole Basket",E10L018P6E02,30,m/sec,80,90,4088,Kg,80,90,80,%,80,90,"0-For Complete Shop"
"ARCWELD AS2",0.008574138,"1.2 mm",18,"Drive Hole Basket",E12L018P6E02,30,m/sec,80,90,5926,Kg,80,90,80,%,80,90,"0-For Complete Shop"
"CARBOFIL 1A ",0.008574138,"1.2 mm",16,"Stein Basket",C12L016S3E11,30,m/sec,80,90,5926,Kg,80,90,80,%,80,90,"0-For Complete Shop"
"ARCWELD AS2",0.00591,"1.0 mm",15,"Plastic Spool",C10P015P6E02,30,m/sec,80,90,4088,Kg,80,90,80,%,80,90,"0-For Complete Shop"
"ARCWELD AS2",0.008574138,"1.2 mm",15,"Plastic Spool",C12P015P6E02,30,m/sec,80,90,5926,Kg,80,90,80,%,80,90,"0-For Complete Shop"
"ARCWELD AS2",0.00591,"1.0 mm",15,"Drive Hole Basket",C10V015P6E02,30,m/sec,80,90,4088,Kg,80,90,80,%,80,90,"0-For Complete Shop"
"ARCWELD AS2",0.008574138,"1.2 mm",15,"Drive Hole Basket",C12V015P6E02,30,m/sec,80,90,5926,Kg,80,90,80,%,80,90,"0-For Complete Shop"
SupraMig,0.00591,"1.0 mm",15,"Plastic Spool",16S1015PRDC,30,m/sec,80,90,4088,Kg,80,90,80,%,80,90,"0-For Complete Shop"
"CARBOFIL 1A ",0.00591,"1.0 mm",16,"Stein Basket",C10K016P3E11,30,m/sec,80,90,4088,Kg,80,90,80,%,80,90,"0-For Complete Shop"
"CARBOFIL 1 ",0.00591,"1.0 mm",16,"Stein Basket",C10K016P6E11,30,m/sec,80,90,4088,Kg,80,90,80,%,80,90,"0-For Complete Shop"
"CARBOFIL 1A ",0.008574138,"1.2 mm",16,"Stein Basket",C12K016P3E11,30,m/sec,80,90,5926,Kg,80,90,80,%,80,90,"0-For Complete Shop"
"CARBOFIL 1 ",0.008574138,"1.2 mm",16,"Stein Basket",C12K016P6E11,30,m/sec,80,90,5926,Kg,80,90,80,%,80,90,"0-For Complete Shop"
0,0,0,0,0,Nil,0,m/sec,0,0,0,Kg,0,0,0,%,0,0,"0-For Complete Shop"
